<?xml version='1.0' encoding='utf-8' ?>
<Windows ClientWidth='1081' ClientHeight='599' xmlns='http://schemas.microsoft.com/office/visio/2012/main' xmlns:r='http://schemas.openxmlformats.org/officeDocument/2006/relationships' xml:space='preserve'><Window ID='0' WindowType='Drawing' WindowState='1073741824' WindowLeft='-8' WindowTop='-31' WindowWidth='1097' WindowHeight='638' ContainerType='Page' Page='0' ViewScale='1.0416666666667' ViewCenterX='5.0400001922608' ViewCenterY='9.5950003660202'><ShowRulers>0</ShowRulers><ShowGrid>0</ShowGrid><ShowPageBreaks>1</ShowPageBreaks><ShowGuides>1</ShowGuides><ShowConnectionPoints>1</ShowConnectionPoints><GlueSettings>9</GlueSettings><SnapSettings>65847</SnapSettings><SnapExtensions>34</SnapExtensions><SnapAngles/><DynamicGridEnabled>1</DynamicGridEnabled><TabSplitterPos>0.5</TabSplitterPos></Window><Window ID='1' WindowType='Stencil' WindowState='67109889' WindowLeft='0' WindowTop='-10' WindowWidth='42' WindowHeight='592' Document='C:\Program Files (x86)\Microsoft Office\Root\Office16\visio content\1033\USTRME_U.VSSX' ParentWindow='0'><StencilGroup>10</StencilGroup><StencilGroupPos>1</StencilGroupPos></Window><Window ID='2' WindowType='Stencil' WindowState='1025' WindowLeft='0' WindowTop='-10' WindowWidth='42' WindowHeight='592' Document='C:\Program Files (x86)\Microsoft Office\Root\Office16\visio content\1033\BASIC_U.VSSX' ParentWindow='0'><StencilGroup>10</StencilGroup><StencilGroupPos>2</StencilGroupPos></Window><Window ID='3' WindowType='Stencil' WindowState='1025' WindowLeft='0' WindowTop='-10' WindowWidth='42' WindowHeight='592' Document='C:\Program Files (x86)\Microsoft Office\Root\Office16\visio content\1033\PEEQP_U.VSSX' ParentWindow='0'><StencilGroup>10</StencilGroup><StencilGroupPos>3</StencilGroupPos></Window></Windows>