<?xml version='1.0' encoding='utf-8' ?>
<MasterContents xmlns='http://schemas.microsoft.com/office/visio/2012/main' xmlns:r='http://schemas.openxmlformats.org/officeDocument/2006/relationships' xml:space='preserve'><Shapes><Shape ID='5' Type='Group' LineStyle='3' FillStyle='3' TextStyle='3'><Cell N='PinX' V='2'/><Cell N='PinY' V='2'/><Cell N='Width' V='1.875'/><Cell N='Height' V='1'/><Cell N='LocPinX' V='0.9375' F='Width*0.5'/><Cell N='LocPinY' V='0.5' F='Height*0.5'/><Cell N='Angle' V='0'/><Cell N='FlipX' V='0'/><Cell N='FlipY' V='0'/><Cell N='ResizeMode' V='0'/><Cell N='TxtPinX' V='0.9375' F='Width*0.5'/><Cell N='TxtPinY' V='0.78125' U='IN' F='Height-IF(User.TextOffset&gt;0,User.TextOffset,User.HdrHgt*0.5)'/><Cell N='TxtWidth' V='1.875' F='Width*1'/><Cell N='TxtHeight' V='0.4361626369900174' F='TEXTHEIGHT(TheText,Width)'/><Cell N='TxtLocPinX' V='0.9375' F='TxtWidth*0.5'/><Cell N='TxtLocPinY' V='0.2180813184950087' F='TxtHeight*IF(User.TextOffset&gt;0,1,0.5)'/><Cell N='TxtAngle' V='0'/><Cell N='EventDblClick' V='0' F='OPENTEXTWIN()'/><Cell N='EventDrop' V='0' F='IF(LISTMEMBERCOUNT()=0,DOCMD(2499),0)'/><Cell N='ShapePlaceStyle' V='15'/><Cell N='ShapeSplit' V='1'/><Cell N='ObjType' V='1'/><Cell N='NoProofing' V='1'/><Cell N='LockWidth' V='1'/><Cell N='LockHeight' V='1'/><Cell N='LockRotate' V='1'/><Cell N='LeftMargin' V='0.05555555555555555' U='PT' F='IF(THEMEPROP("Embellishment")=3,8PT,4PT)'/><Cell N='TopMargin' V='0.1180555555555556' U='PT' F='IF(User.StereoType,4PT,8.5PT)'/><Cell N='BottomMargin' V='0.1180555555555556' U='PT'/><Cell N='HelpTopic' V='Vis_D112.chm!#54401'/><Cell N='Copyright' V='Copyright (c) 2012 Microsoft Corporation.  All rights reserved.'/><Section N='User'><Row N='msvStructureType'><Cell N='Value' V='List' U='STR'/><Cell N='Prompt' V=''/></Row><Row N='msvSDContainerResize'><Cell N='Value' V='2'/><Cell N='Prompt' V=''/></Row><Row N='msvSDContainerNoRibbon'><Cell N='Value' V='1' U='BOOL'/><Cell N='Prompt' V=''/></Row><Row N='msvSDListAlignment'><Cell N='Value' V='0'/><Cell N='Prompt' V=''/></Row><Row N='msvSDListDirection'><Cell N='Value' V='2'/><Cell N='Prompt' V=''/></Row><Row N='msvSDListItemMaster1'><Cell N='Value' V='254' F='USE("Member")'/><Cell N='Prompt' V=''/></Row><Row N='msvSDListItemMaster2'><Cell N='Value' V='254' F='USE("Separator")'/><Cell N='Prompt' V=''/></Row><Row N='msvSDListItemMaster3'><Cell N='Value' V='254' F='USE("Member")'/><Cell N='Prompt' V=''/></Row><Row N='msvSDListRequiredCategories'><Cell N='Value' V='Member;Separator' U='STR'/><Cell N='Prompt' V=''/></Row><Row N='msvSDContainerMargin'><Cell N='Value' V='0.03125' U='IN' F='0.03125IN*DropOnPageScale'/><Cell N='Prompt' V=''/></Row><Row N='msvSDListSpacing'><Cell N='Value' V='0' F='IF(THEMEPROP("Embellishment")=1,0,0)'/><Cell N='Prompt' V=''/></Row><Row N='TemplateParm'><Cell N='Value' V='0' U='BOOL'/><Cell N='Prompt' V=''/></Row><Row N='TemplateParmHgt'><Cell N='Value' V='0' U='DL' F='Sheet.9!Height'/><Cell N='Prompt' V=''/></Row><Row N='StereoType'><Cell N='Value' V='0' U='BOOL'/><Cell N='Prompt' V=''/></Row><Row N='StereoTypeHgt'><Cell N='Value' V='0.2222727308485243' U='DL' F='Sheet.8!Height'/><Cell N='Prompt' V=''/></Row><Row N='TextOffset'><Cell N='Value' V='0' F='IF(User.StereoType,User.StereoTypeHgt,0)+IF(User.TemplateParm,User.TemplateParmHgt*0.5,0)'/><Cell N='Prompt' V=''/></Row><Row N='WidthMin'><Cell N='Value' V='0'/><Cell N='Prompt' V=''/></Row><Row N='EntityName'><Cell N='Value' V='ClassName' U='STR' F='SHAPETEXT(TheText)'/><Cell N='Prompt' V=''/></Row><Row N='HdrHgt'><Cell N='Value' V='0.4375' U='IN' F='Sheet.7!User.UsableHgt'/><Cell N='Prompt' V=''/></Row><Row N='BackGrnd'><Cell N='Value' V='#f2f2f2' U='COLOR' F='Sheet.6!FillForegnd'/><Cell N='Prompt' V=''/></Row><Row N='BackGrndLine'><Cell N='Value' V='0' F='Sheet.6!LineColor'/><Cell N='Prompt' V=''/></Row><Row N='Test'><Cell N='Value' V='0' U='BOOL'/><Cell N='Prompt' V=''/></Row><Row N='visVersion'><Cell N='Value' V='15'/><Cell N='Prompt' V=''/></Row></Section><Section N='Actions'><Row N='Row_1'><Cell N='Menu' V='Show Template Parameter'/><Cell N='Action' V='0' F='SETF(GetRef(User.TemplateParm),NOT(User.TemplateParm))'/><Cell N='Checked' V='0' F='User.TemplateParm'/><Cell N='Disabled' V='0'/><Cell N='ReadOnly' V='0'/><Cell N='Invisible' V='0'/><Cell N='BeginGroup' V='0'/><Cell N='FlyoutChild' V='0'/><Cell N='TagName' V=''/><Cell N='ButtonFace' V=''/><Cell N='SortKey' V=''/></Row><Row N='Row_2'><Cell N='Menu' V='Show Stereotype'/><Cell N='Action' V='0' F='SETF(GetRef(User.StereoType),NOT(User.StereoType))'/><Cell N='Checked' V='0' F='User.StereoType'/><Cell N='Disabled' V='0'/><Cell N='ReadOnly' V='0'/><Cell N='Invisible' V='0'/><Cell N='BeginGroup' V='0'/><Cell N='FlyoutChild' V='0'/><Cell N='TagName' V=''/><Cell N='ButtonFace' V=''/><Cell N='SortKey' V=''/></Row></Section><Section N='Control'><Row N='Row_1'><Cell N='X' V='2.5' U='IN' F='BOUND(2.5IN*DropOnPageScale,0,User.Test,1IN,100IN,NOT(User.Test),User.WidthMin+User.msvSDContainerMargin*2,100IN)'/><Cell N='Y' V='0.5' F='Height*0.5'/><Cell N='XDyn' V='2.5' U='IN' F='Controls.Row_1'/><Cell N='YDyn' V='0.5' F='Controls.Row_1.Y'/><Cell N='XCon' V='2'/><Cell N='YCon' V='1'/><Cell N='CanGlue' V='0'/><Cell N='Prompt' V='Resize List'/></Row></Section><Section N='Connection'><Row IX='0'><Cell N='X' V='0' F='Width*0'/><Cell N='Y' V='0.5' F='Height*0.5'/><Cell N='DirX' V='0'/><Cell N='DirY' V='0'/><Cell N='Type' V='0'/><Cell N='AutoGen' V='0'/><Cell N='Prompt' V='' F='No Formula'/></Row><Row IX='1'><Cell N='X' V='1.875' F='Width*1'/><Cell N='Y' V='0.5' F='Height*0.5'/><Cell N='DirX' V='0'/><Cell N='DirY' V='0'/><Cell N='Type' V='0'/><Cell N='AutoGen' V='0'/><Cell N='Prompt' V='' F='No Formula'/></Row><Row IX='2'><Cell N='X' V='0.9375' F='Width*0.5'/><Cell N='Y' V='0' F='Height*0'/><Cell N='DirX' V='0'/><Cell N='DirY' V='0'/><Cell N='Type' V='0'/><Cell N='AutoGen' V='0'/><Cell N='Prompt' V='' F='No Formula'/></Row><Row IX='3'><Cell N='X' V='0.9375' F='Width*0.5'/><Cell N='Y' V='1' F='Height*1'/><Cell N='DirX' V='0'/><Cell N='DirY' V='0'/><Cell N='Type' V='0'/><Cell N='AutoGen' V='0'/><Cell N='Prompt' V='' F='No Formula'/></Row></Section><Section N='Character'><Row IX='0'><Cell N='Size' V='0.1666666666666667' U='PT'/></Row></Section><Section N='Paragraph'><Row IX='0'><Cell N='HorzAlign' V='0' F='IF(THEMEPROP("Embellishment")=1,1,0)'/></Row></Section><Text><cp IX='0'/><pp IX='0'/>ClassName
</Text><Shapes><Shape ID='6' Type='Shape' LineStyle='3' FillStyle='3' TextStyle='3'><Cell N='PinX' V='0.9375' F='Sheet.5!Width*0.5'/><Cell N='PinY' V='0.5' F='Sheet.5!Height*0.5'/><Cell N='Width' V='1.875' F='Sheet.5!Width*1'/><Cell N='Height' V='1' F='Sheet.5!Height*1'/><Cell N='LocPinX' V='0.9375' F='Width*0.5'/><Cell N='LocPinY' V='0.5' F='Height*0.5'/><Cell N='Angle' V='0'/><Cell N='FlipX' V='0'/><Cell N='FlipY' V='0'/><Cell N='ResizeMode' V='0'/><Cell N='NoObjHandles' V='1'/><Cell N='NoProofing' V='1'/><Cell N='LockMoveX' V='1'/><Cell N='LockMoveY' V='1'/><Cell N='LockDelete' V='1'/><Cell N='LockRotate' V='1'/><Cell N='FillForegnd' V='#f2f2f2' F='MSOTINT(RGB(255,255,255),IF(THEMEPROP("Embellishment")=1,0,-5))'/><Cell N='FillGradientEnabled' V='0'/><Cell N='Copyright' V='Copyright (c) 2012 Microsoft Corporation.  All rights reserved.'/><Section N='User'><Row N='DOPS'><Cell N='Value' V='1' U='PER' F='Sheet.5!DropOnPageScale'/><Cell N='Prompt' V=''/></Row><Row N='HdrHgt'><Cell N='Value' V='0.4375' U='IN' F='Sheet.7!Height'/><Cell N='Prompt' V=''/></Row><Row N='EmblOffset'><Cell N='Value' V='0' F='IF(THEMEPROP("Embellishment")=3,0.4375IN*User.DOPS,0)'/><Cell N='Prompt' V=''/></Row><Row N='Spacer'><Cell N='Value' V='0' F='IF(THEMEPROP("Embellishment")=3,0.03125IN*User.DOPS,0)'/><Cell N='Prompt' V=''/></Row></Section><Section N='Geometry' IX='0'><Cell N='NoFill' V='0'/><Cell N='NoLine' V='0'/><Cell N='NoShow' V='0'/><Cell N='NoSnap' V='0'/><Cell N='NoQuickDrag' V='0'/><Row T='MoveTo' IX='1'><Cell N='X' V='0' F='User.EmblOffset*0.5'/><Cell N='Y' V='0' F='Height*0'/></Row><Row T='LineTo' IX='2'><Cell N='X' V='1.875' F='Width*1'/><Cell N='Y' V='0' F='Height*0'/></Row><Row T='LineTo' IX='3'><Cell N='X' V='1.875' F='Width*1'/><Cell N='Y' V='0.5625' U='IN' F='Height-User.HdrHgt'/></Row><Row T='LineTo' IX='4'><Cell N='X' V='0' F='User.EmblOffset*1.5-User.Spacer'/><Cell N='Y' V='0.5625' U='IN' F='Geometry1.Y3'/></Row><Row T='EllipticalArcTo' IX='5'><Cell N='X' V='0' F='User.EmblOffset+User.Spacer'/><Cell N='Y' V='0.5625' U='IN' F='Height-User.HdrHgt-User.EmblOffset*0.5+User.Spacer*2'/><Cell N='A' V='0' U='DL' F='IF(THEMEPROP("Embellishment")=3,Geometry1.X5+(User.EmblOffset*0.5-User.Spacer*2)*0.2929,0)'/><Cell N='B' V='0.5625' U='IN' F='Height-User.HdrHgt-(User.EmblOffset*0.5-User.Spacer*2)*0.2929'/><Cell N='C' V='0' U='DA'/><Cell N='D' V='1'/></Row><Row T='EllipticalArcTo' IX='6'><Cell N='X' V='0' F='Geometry1.X1'/><Cell N='Y' V='0.5625' U='IN' F='Height-User.HdrHgt-User.EmblOffset+User.Spacer'/><Cell N='A' V='0' U='DL' F='IF(THEMEPROP("Embellishment")=3,Geometry1.X5-(User.EmblOffset*0.5+User.Spacer)*0.2929,0)'/><Cell N='B' V='0.5625' U='IN' F='Height-User.HdrHgt-User.EmblOffset+User.Spacer+(User.EmblOffset*0.5+User.Spacer)*0.2929'/><Cell N='C' V='0' U='DA'/><Cell N='D' V='1'/></Row><Row T='LineTo' IX='7'><Cell N='X' V='0' F='Geometry1.X1'/><Cell N='Y' V='0' F='Geometry1.Y1'/></Row></Section></Shape><Shape ID='7' Type='Shape' LineStyle='3' FillStyle='3' TextStyle='3'><Cell N='PinX' V='0.9375' F='Sheet.5!Width*0.5'/><Cell N='PinY' V='1' F='Sheet.5!Height'/><Cell N='Width' V='1.875' F='Sheet.5!Width*1'/><Cell N='Height' V='0.4375' U='IN' F='GUARD(MAX(0.4375IN,TEXTHEIGHT(Sheet.5!TheText,Width)+IF(User.StereoType,User.StereoTypeHgt,0)+IF(User.TemplateParm,User.TemplateParmHgt,0))+User.Spacer)'/><Cell N='LocPinX' V='0.9375' F='Width*0.5'/><Cell N='LocPinY' V='0.4375' U='IN' F='Height*1'/><Cell N='Angle' V='0'/><Cell N='FlipX' V='0'/><Cell N='FlipY' V='0'/><Cell N='ResizeMode' V='0'/><Cell N='NoObjHandles' V='1'/><Cell N='NoProofing' V='1'/><Cell N='LockWidth' V='1'/><Cell N='LockHeight' V='1'/><Cell N='LockMoveX' V='1'/><Cell N='LockMoveY' V='1'/><Cell N='LockDelete' V='1'/><Cell N='LockRotate' V='1'/><Cell N='LockTextEdit' V='1'/><Cell N='FillForegnd' V='#ffffff' F='MSOTINT(THEMEVAL(),IF(THEMEPROP("Embellishment")=3,-25,0))'/><Cell N='ShdwForegnd' V='0' F='IF(THEMEPROP("Embellishment")=3,THEMEVAL(),0)'/><Cell N='ShdwPattern' V='0' F='IF(THEMEPROP("Embellishment")=3,THEMEVAL(),0)'/><Cell N='ReflectionSize' V='0' F='GUARD(0)'/><Cell N='GlowSize' V='0' F='GUARD(0)'/><Cell N='Copyright' V='Copyright (c) 2012 Microsoft Corporation.  All rights reserved.'/><Section N='User'><Row N='msvStructureType'><Cell N='Value' V='Heading' U='STR'/><Cell N='Prompt' V=''/></Row><Row N='msvSDContainerHeadingEdge'><Cell N='Value' V='Bottom' U='STR'/><Cell N='Prompt' V=''/></Row><Row N='StereoType'><Cell N='Value' V='0' U='BOOL' F='Sheet.5!User.StereoType'/><Cell N='Prompt' V=''/></Row><Row N='StereoTypeHgt'><Cell N='Value' V='0.2222727308485243' U='DL' F='Sheet.5!User.StereoTypeHgt'/><Cell N='Prompt' V=''/></Row><Row N='TemplateParm'><Cell N='Value' V='0' U='BOOL' F='Sheet.5!User.TemplateParm'/><Cell N='Prompt' V=''/></Row><Row N='TemplateParmHgt'><Cell N='Value' V='0' U='DL' F='Sheet.5!User.TemplateParmHgt*0.5'/><Cell N='Prompt' V=''/></Row><Row N='EmblOffset'><Cell N='Value' V='0' F='IF(THEMEPROP("Embellishment")=3,0.4375IN*Sheet.5!DropOnPageScale,0)'/><Cell N='Prompt' V=''/></Row><Row N='Spacer'><Cell N='Value' V='0' F='IF(THEMEPROP("Embellishment")=3,0.03125IN,0)'/><Cell N='Prompt' V=''/></Row><Row N='UsableHgt'><Cell N='Value' V='0.4375' U='IN' F='Height-User.Spacer'/><Cell N='Prompt' V=''/></Row><Row N='UmlRole'><Cell N='Value' V='ClassName' U='STR' F='SHAPETEXT(Sheet.5!TheText)'/><Cell N='Prompt' V=''/></Row></Section><Section N='Character'><Row IX='0'><Cell N='Size' V='0.1666666666666667' U='PT'/></Row></Section><Section N='Geometry' IX='0'><Cell N='NoFill' V='0'/><Cell N='NoLine' V='0'/><Cell N='NoShow' V='0'/><Cell N='NoSnap' V='0'/><Cell N='NoQuickDrag' V='0'/><Row T='MoveTo' IX='1'><Cell N='X' V='0' F='Width*0'/><Cell N='Y' V='0' F='IF(THEMEPROP("Embellishment")=3,-User.EmblOffset*0.5+User.Spacer*2,0)'/></Row><Row T='EllipticalArcTo' IX='2'><Cell N='X' V='0' F='User.EmblOffset'/><Cell N='Y' V='0' F='Geometry1.Y1'/><Cell N='A' V='0' U='DL' F='User.EmblOffset*0.5'/><Cell N='B' V='0' U='DL' F='IF(THEMEPROP("Embellishment")=3,-User.EmblOffset+User.Spacer*2,0)'/><Cell N='C' V='0' U='DA'/><Cell N='D' V='1'/></Row><Row T='EllipticalArcTo' IX='3'><Cell N='X' V='0' F='User.EmblOffset*1.5-User.Spacer'/><Cell N='Y' V='0' F='User.Spacer'/><Cell N='A' V='0' U='DL' F='User.EmblOffset+(User.EmblOffset*0.5-User.Spacer)*0.2929'/><Cell N='B' V='0' U='DL' F='IF(THEMEPROP("Embellishment")=3,-(User.EmblOffset*0.5-User.Spacer)*0.2929+User.Spacer,0)'/><Cell N='C' V='0' U='DA'/><Cell N='D' V='1'/></Row><Row T='LineTo' IX='4'><Cell N='X' V='1.875' F='Width*1'/><Cell N='Y' V='0' F='User.Spacer'/></Row><Row T='LineTo' IX='5'><Cell N='X' V='1.875' F='Width*1'/><Cell N='Y' V='0.4375' U='IN' F='Height*1'/></Row><Row T='LineTo' IX='6'><Cell N='X' V='0' F='Width*0'/><Cell N='Y' V='0.4375' U='IN' F='Height*1'/></Row><Row T='LineTo' IX='7'><Cell N='X' V='0' F='Geometry1.X1'/><Cell N='Y' V='0' F='Geometry1.Y1'/></Row></Section></Shape><Shape ID='8' Type='Shape' LineStyle='3' FillStyle='3' TextStyle='3'><Cell N='PinX' V='0.9375' F='Sheet.5!Width*0.5'/><Cell N='PinY' V='1' F='Sheet.5!Height-IF(User.TemplateParm,User.TemplateParmHgt,0)'/><Cell N='Width' V='1.875' F='Sheet.5!Width*1'/><Cell N='Height' V='0.2222727308485243' F='GUARD(MAX(0.125IN,TEXTHEIGHT(TheText,Width)))'/><Cell N='LocPinX' V='0.9375' F='Width*0.5'/><Cell N='LocPinY' V='0.2222727308485243' F='Height*1'/><Cell N='Angle' V='0'/><Cell N='FlipX' V='0'/><Cell N='FlipY' V='0'/><Cell N='ResizeMode' V='0'/><Cell N='EventDblClick' V='0' F='OPENTEXTWIN()'/><Cell N='LockMoveX' V='1'/><Cell N='LockMoveY' V='1'/><Cell N='LockDelete' V='1'/><Cell N='LockRotate' V='1'/><Cell N='NoObjHandles' V='1'/><Cell N='HideText' V='1' F='NOT(Sheet.5!User.StereoType)'/><Cell N='NoProofing' V='1'/><Cell N='LeftMargin' V='0.05555555555555555' U='PT' F='IF(THEMEPROP("Embellishment")=3,8PT,4PT)'/><Cell N='RightMargin' V='0.05555555555555555' U='PT' F='LeftMargin'/><Cell N='BottomMargin' V='0' U='PT'/><Cell N='Copyright' V='Copyright (c) 2012 Microsoft Corporation.  All rights reserved.'/><Section N='User'><Row N='TemplateParm'><Cell N='Value' V='0' U='BOOL' F='Sheet.5!User.TemplateParm'/><Cell N='Prompt' V=''/></Row><Row N='TemplateParmHgt'><Cell N='Value' V='0' U='DL' F='Sheet.5!User.TemplateParmHgt*0.5'/><Cell N='Prompt' V=''/></Row><Row N='UmlRole'><Cell N='Value' V='&lt;&lt;Stereotype&gt;&gt;' U='STR' F='SHAPETEXT(TheText)'/><Cell N='Prompt' V=''/></Row></Section><Section N='Paragraph'><Row IX='0'><Cell N='HorzAlign' V='0' F='IF(THEMEPROP("Embellishment")=1,1,0)'/></Row></Section><Section N='Character'><Row IX='0'><Cell N='Size' V='0.1388888888888889' U='PT'/></Row></Section><Text><cp IX='0'/><pp IX='0'/>&lt;&lt;Stereotype&gt;&gt;
</Text></Shape><Shape ID='9' Type='Shape' LineStyle='3' FillStyle='3' TextStyle='3'><Cell N='PinX' V='1.75' U='IN' F='Sheet.5!Width-Width*INDEX(THEMEPROP("Embellishment")-1,"0.125;0.5;0.3")-IF(THEMEPROP("Embellishment")=2,0.125IN*User.DOPS,0)'/><Cell N='PinY' V='1' F='Sheet.5!Height'/><Cell N='Width' V='0' F='GUARD(IF(User.TemplateParm,MAX(0.5IN*User.DOPS,TEXTWIDTH(TheText)),0))'/><Cell N='Height' V='0' F='GUARD(IF(User.TemplateParm,MAX(0.125IN*User.DOPS,TEXTHEIGHT(TheText,Width)),0))'/><Cell N='LocPinX' V='0' F='Width*0.5'/><Cell N='LocPinY' V='0' F='Height*0.5'/><Cell N='Angle' V='0'/><Cell N='FlipX' V='0'/><Cell N='FlipY' V='0'/><Cell N='ResizeMode' V='0'/><Cell N='EventDblClick' V='0' F='OPENTEXTWIN()'/><Cell N='NoObjHandles' V='1'/><Cell N='HideText' V='1' F='NOT(User.TemplateParm)'/><Cell N='NoProofing' V='1'/><Cell N='LockMoveX' V='1'/><Cell N='LockMoveY' V='1'/><Cell N='LockDelete' V='1'/><Cell N='LockRotate' V='1'/><Cell N='TopMargin' V='0.02777777777777778' U='PT'/><Cell N='BottomMargin' V='0.02777777777777778' U='PT'/><Cell N='LinePattern' V='Themed' F='IF(THEMEPROP("Embellishment")=1,2,THEMEVAL())'/><Cell N='FillForegnd' V='#ffffff' F='MSOTINT(IF(THEMEPROP("Embellishment")=1,RGB(255,255,255),THEMEVAL()),IF(THEMEPROP("Embellishment")=1,0,10))'/><Cell N='FillGradientEnabled' V='0'/><Cell N='QuickStyleVariation' V='0' F='IF(THEMEPROP("Embellishment")=1,2,0)'/><Cell N='Copyright' V='Copyright (c) 2012 Microsoft Corporation.  All rights reserved.'/><Section N='User'><Row N='TemplateParm'><Cell N='Value' V='0' U='BOOL' F='Sheet.5!User.TemplateParm'/><Cell N='Prompt' V=''/></Row><Row N='DOPS'><Cell N='Value' V='1' U='PER' F='Sheet.5!DropOnPageScale'/><Cell N='Prompt' V=''/></Row><Row N='Rounding'><Cell N='Value' V='0.125' U='IN' F='0.125IN*User.DOPS'/><Cell N='Prompt' V=''/></Row><Row N='UmlRole'><Cell N='Value' V='parameter' U='STR' F='SHAPETEXT(TheText)'/><Cell N='Prompt' V=''/></Row></Section><Section N='Character'><Row IX='0'><Cell N='Size' V='0.1388888888888889' U='PT'/></Row></Section><Section N='Geometry' IX='0'><Cell N='NoFill' V='0'/><Cell N='NoLine' V='0'/><Cell N='NoShow' V='1' F='NOT(User.TemplateParm)'/><Cell N='NoSnap' V='0'/><Cell N='NoQuickDrag' V='0'/><Row T='MoveTo' IX='1'><Cell N='X' V='0' F='Width*0'/><Cell N='Y' V='0' F='IF(THEMEPROP("Embellishment")=3,User.Rounding,0)'/></Row><Row T='EllipticalArcTo' IX='2'><Cell N='X' V='0' F='Geometry1.Y1'/><Cell N='Y' V='0' F='Height*0'/><Cell N='A' V='0' U='DL' F='Geometry1.Y1*0.2928'/><Cell N='B' V='0' U='DL' F='Geometry1.A2'/><Cell N='C' V='0' U='DA'/><Cell N='D' V='1'/></Row><Row T='LineTo' IX='3'><Cell N='X' V='0' F='Width*1'/><Cell N='Y' V='0' F='Height*0'/></Row><Row T='LineTo' IX='4'><Cell N='X' V='0' F='Width*1'/><Cell N='Y' V='0' F='Height*1'/></Row><Row T='LineTo' IX='5'><Cell N='X' V='0' F='Width*0'/><Cell N='Y' V='0' F='Height*1'/></Row><Row T='LineTo' IX='6'><Cell N='X' V='0' F='Geometry1.X1'/><Cell N='Y' V='0' F='Geometry1.Y1'/></Row></Section><Text><cp IX='0'/>parameter
</Text></Shape></Shapes></Shape></Shapes></MasterContents>