<?xml version='1.0' encoding='utf-8' ?>
<MasterContents xmlns='http://schemas.microsoft.com/office/visio/2012/main' xmlns:r='http://schemas.openxmlformats.org/officeDocument/2006/relationships' xml:space='preserve'><Shapes><Shape ID='5' Type='Shape' LineStyle='3' FillStyle='3' TextStyle='3'><Cell N='PinX' V='2'/><Cell N='PinY' V='2.000000001811981'/><Cell N='Width' V='1.875' U='IN' F='IFERROR(LISTSHEETREF()!Controls.ROW_1-User.ContainerMargin*2,User.UserWidth)'/><Cell N='Height' V='0.1667171752929687' F='GUARD(MAX(0.125IN,TEXTHEIGHT(TheText,TxtWidth)))'/><Cell N='LocPinX' V='0.9375' U='IN' F='Width*0.5'/><Cell N='LocPinY' V='0.08335858764648436' F='Height*0.5'/><Cell N='Angle' V='0'/><Cell N='FlipX' V='0'/><Cell N='FlipY' V='0'/><Cell N='ResizeMode' V='0'/><Cell N='TxtPinX' V='0' U='IN' F='Width*0'/><Cell N='TxtPinY' V='0.08335858764648436' F='Height*0.5'/><Cell N='TxtWidth' V='1.875' U='IN' F='Width*1'/><Cell N='TxtHeight' V='0.1667171752929687' F='TEXTHEIGHT(TheText,TxtWidth)'/><Cell N='TxtLocPinX' V='0'/><Cell N='TxtLocPinY' V='0.08335858764648436' F='TxtHeight*0.5'/><Cell N='TxtAngle' V='0'/><Cell N='EventDblClick' V='0' F='OPENTEXTWIN()'/><Cell N='NoProofing' V='1'/><Cell N='QuickStyleVariation' V='6'/><Cell N='FillForegndTrans' V='1'/><Cell N='FillGradientEnabled' V='0'/><Cell N='LockWidth' V='1'/><Cell N='LockHeight' V='1'/><Cell N='LockRotate' V='1'/><Cell N='LeftMargin' V='0.125' U='IN' F='INDEX(THEMEPROP("Embellishment")-1,"0.125 in;0.125 in;0.75 in")'/><Cell N='RightMargin' V='0' U='PT'/><Cell N='TopMargin' V='0' U='PT'/><Cell N='BottomMargin' V='0' U='PT'/><Cell N='HelpTopic' V='Vis_PRXY.chm!#60743'/><Cell N='Copyright' V='Copyright (c) 2012 Microsoft Corporation.  All rights reserved.'/><Section N='User'><Row N='msvShapeCategories'><Cell N='Value' V='Member' U='STR'/><Cell N='Prompt' V=''/></Row><Row N='MemberName'><Cell N='Value' V='-memberName' U='STR' F='SHAPETEXT(TheText)'/><Cell N='Prompt' V=''/></Row><Row N='ContainerMargin'><Cell N='Value' V='0' F='IFERROR(LISTSHEETREF()!User.MSVSDCONTAINERMARGIN,0)'/><Cell N='Prompt' V=''/></Row><Row N='WidthMin'><Cell N='Value' V='0' F='IFERROR(IF(LISTSHEETREF()!User.WIDTHMIN&lt;TEXTWIDTH(TheText),SETF(GetRef(LISTSHEETREF()!User.WIDTHMIN),TEXTWIDTH(TheText)),0),0)'/><Cell N='Prompt' V=''/></Row><Row N='UserWidth'><Cell N='Value' V='1.875' U='IN' F='1.875IN*DropOnPageScale'/><Cell N='Prompt' V=''/></Row><Row N='DarkerColor'><Cell N='Value' V='0' F='IF(LUM(User.DarkColor)&lt;LUM(THEMEVAL(QuickStyleFillColor)),User.DarkColor,THEMEVAL(QuickStyleFillColor))'/><Cell N='Prompt' V=''/></Row><Row N='DarkColor'><Cell N='Value' V='0' F='IF(LUM(User.BackLineColor)&lt;LUM(User.BackFillColor),User.BackLineColor,User.BackFillColor)'/><Cell N='Prompt' V=''/></Row><Row N='BackFillColor'><Cell N='Value' V='1' F='IFERROR(LISTSHEETREF()!User.BACKGRND,FillForegnd)'/><Cell N='Prompt' V=''/></Row><Row N='BackLineColor'><Cell N='Value' V='0' F='IFERROR(LISTSHEETREF()!User.BACKGRNDLINE,LineColor)'/><Cell N='Prompt' V=''/></Row><Row N='IsInstance'><Cell N='Value' V='0' U='BOOL' F='NOT(STRSAME(MASTERNAME(750),"&lt;no master&gt;"))'/><Cell N='Prompt' V=''/></Row><Row N='visVersion'><Cell N='Value' V='15'/><Cell N='Prompt' V=''/></Row></Section><Section N='Paragraph'><Row IX='0'><Cell N='HorzAlign' V='0'/></Row></Section><Section N='Character'><Row IX='0'><Cell N='Size' V='0.1388888888888889' U='PT'/></Row></Section><Section N='Geometry' IX='0'><Cell N='NoFill' V='0'/><Cell N='NoLine' V='0' F='User.IsInstance'/><Cell N='NoShow' V='0'/><Cell N='NoSnap' V='0'/><Cell N='NoQuickDrag' V='0'/><Row T='MoveTo' IX='1'><Cell N='X' V='0' U='IN' F='Width*0'/><Cell N='Y' V='0' F='Height*0'/></Row><Row T='LineTo' IX='2'><Cell N='X' V='1.875' U='IN' F='Width*1'/><Cell N='Y' V='0' F='Height*0'/></Row><Row T='LineTo' IX='3'><Cell N='X' V='1.875' U='IN' F='Width*1'/><Cell N='Y' V='0.1667171752929687' F='Height*1'/></Row><Row T='LineTo' IX='4'><Cell N='X' V='0' U='IN' F='Width*0'/><Cell N='Y' V='0.1667171752929687' F='Height*1'/></Row><Row T='LineTo' IX='5'><Cell N='X' V='0' U='IN' F='Geometry1.X1'/><Cell N='Y' V='0' F='Geometry1.Y1'/></Row></Section><Text><cp IX='0'/><pp IX='0'/>-memberName
</Text></Shape></Shapes></MasterContents>