<?xml version='1.0' encoding='utf-8' ?>
<MasterContents xmlns='http://schemas.microsoft.com/office/visio/2012/main' xmlns:r='http://schemas.openxmlformats.org/officeDocument/2006/relationships' xml:space='preserve'><Shapes><Shape ID='5' Type='Shape' LineStyle='3' FillStyle='3' TextStyle='3'><Cell N='PinX' V='0.5'/><Cell N='PinY' V='0.25'/><Cell N='Width' V='1'/><Cell N='Height' V='0.5'/><Cell N='LocPinX' V='0.5' F='Width*0.5'/><Cell N='LocPinY' V='0.25' F='Height*0.5'/><Cell N='Angle' V='0'/><Cell N='FlipX' V='0'/><Cell N='FlipY' V='0'/><Cell N='ResizeMode' V='0'/><Cell N='FillForegnd' V='0'/><Cell N='Copyright' V='Copyright (c) 2012 Microsoft Corporation.  All rights reserved.'/><Section N='Geometry' IX='0'><Cell N='NoFill' V='0'/><Cell N='NoLine' V='0'/><Cell N='NoShow' V='0'/><Cell N='NoSnap' V='0'/><Cell N='NoQuickDrag' V='0'/><Row T='MoveTo' IX='1'><Cell N='X' V='-3.5' F='-Width*3.5'/><Cell N='Y' V='-2' F='-Height*4'/></Row><Row T='LineTo' IX='2'><Cell N='X' V='1' F='Width*1'/><Cell N='Y' V='0.25' F='Height*0.5'/></Row><Row T='LineTo' IX='3'><Cell N='X' V='-3.5' F='-Width*3.5'/><Cell N='Y' V='2.5' F='Height*5'/></Row><Row T='LineTo' IX='4'><Cell N='X' V='-8' F='-Width*8'/><Cell N='Y' V='0.25' F='Height*0.5'/></Row><Row T='LineTo' IX='5'><Cell N='X' V='-3.5' F='Geometry1.X1'/><Cell N='Y' V='-2' F='Geometry1.Y1'/></Row></Section></Shape></Shapes></MasterContents>