<?xml version='1.0' encoding='utf-8' ?>
<MasterContents xmlns='http://schemas.microsoft.com/office/visio/2012/main' xmlns:r='http://schemas.openxmlformats.org/officeDocument/2006/relationships' xml:space='preserve'><Shapes><Shape ID='5' Type='Shape' LineStyle='3' FillStyle='3' TextStyle='3'><Cell N='PinX' V='2'/><Cell N='PinY' V='2'/><Cell N='Width' V='1.875' U='IN' F='IFERROR(LISTSHEETREF()!Controls.ROW_1-User.ContainerMargin*2,1.875IN)'/><Cell N='Height' V='0.03125' U='IN'/><Cell N='LocPinX' V='0.9375' U='IN' F='Width*0.5'/><Cell N='LocPinY' V='0.015625' U='IN' F='Height*0.5'/><Cell N='Angle' V='0'/><Cell N='FlipX' V='0'/><Cell N='FlipY' V='0'/><Cell N='ResizeMode' V='0'/><Cell N='QuickStyleLineMatrix' V='1'/><Cell N='QuickStyleFillMatrix' V='1'/><Cell N='QuickStyleEffectsMatrix' V='1'/><Cell N='QuickStyleFontMatrix' V='1'/><Cell N='QuickStyleType' V='1'/><Cell N='LockWidth' V='1'/><Cell N='LockHeight' V='1'/><Cell N='LockRotate' V='1'/><Cell N='NoProofing' V='1'/><Cell N='LineWeight' V='Themed' F='IF(THEMEPROP("Embellishment")=1,1.5PT,IF(THEMEPROP("Embellishment")=3,0.75PT,THEMEVAL()))'/><Cell N='LinePattern' V='23' F='GUARD(IF(THEMEPROP("Embellishment")&lt;&gt;1,23,THEMEVAL()))'/><Cell N='LineCap' V='1' F='GUARD(1)'/><Cell N='LineGradientEnabled' V='0' F='GUARD(FALSE)'/><Cell N='ShdwPattern' V='0' F='GUARD(0)'/><Cell N='HelpTopic' V='Vis_PRXY.chm!#60745'/><Cell N='Copyright' V='Copyright (c) 2012 Microsoft Corporation.  All rights reserved.'/><Section N='User'><Row N='msvShapeCategories'><Cell N='Value' V='Separator' U='STR'/><Cell N='Prompt' V=''/></Row><Row N='ContainerMargin'><Cell N='Value' V='0' F='IFERROR(LISTSHEETREF()!User.MSVSDCONTAINERMARGIN,0)'/><Cell N='Prompt' V=''/></Row><Row N='ItemIndex'><Cell N='Value' V='-1' F='LISTORDER()'/><Cell N='Prompt' V=''/></Row><Row N='visVersion'><Cell N='Value' V='15'/><Cell N='Prompt' V=''/></Row></Section><Section N='Geometry' IX='0'><Cell N='NoFill' V='0'/><Cell N='NoLine' V='0'/><Cell N='NoShow' V='0'/><Cell N='NoSnap' V='0'/><Cell N='NoQuickDrag' V='0'/><Row T='MoveTo' IX='1'><Cell N='X' V='0' U='IN' F='0.4375IN*IF(THEMEPROP("Embellishment")=3,IF(User.ItemIndex&lt;3,1,0.5),0)*DropOnPageScale'/><Cell N='Y' V='0.015625' U='IN' F='Height*0.5'/></Row><Row T='LineTo' IX='2'><Cell N='X' V='1.875' U='IN' F='Width*1'/><Cell N='Y' V='0.015625' U='IN' F='Height*0.5'/></Row></Section></Shape></Shapes></MasterContents>