<?xml version='1.0' encoding='utf-8' ?>
<MasterContents xmlns='http://schemas.microsoft.com/office/visio/2012/main' xmlns:r='http://schemas.openxmlformats.org/officeDocument/2006/relationships' xml:space='preserve'><Shapes><Shape ID='5' Type='Shape' LineStyle='7' FillStyle='7' TextStyle='7' UniqueID='{AD84F0B8-8EF4-458B-93F8-0E254FAEFE2A}'><Cell N='PinX' V='2' F='(BeginX+EndX)/2'/><Cell N='PinY' V='2' F='(BeginY+EndY)/2'/><Cell N='Width' V='1' F='SQRT((EndX-BeginX)^2+(EndY-BeginY)^2)'/><Cell N='Height' V='0'/><Cell N='LocPinX' V='0.5' F='Width*0.5'/><Cell N='LocPinY' V='0' F='Height*0.5'/><Cell N='Angle' V='-1.570796326794897' F='ATAN2(EndY-BeginY,EndX-BeginX)'/><Cell N='FlipX' V='0'/><Cell N='FlipY' V='1' F='GUARD(BeginX&lt;EndX=BeginY&lt;EndY)'/><Cell N='ResizeMode' V='0'/><Cell N='BeginX' V='2'/><Cell N='BeginY' V='2.5'/><Cell N='EndX' V='2'/><Cell N='EndY' V='1.5'/><Cell N='NoAlignBox' V='1'/><Cell N='GlueType' V='3'/><Cell N='WalkPreference' V='2'/><Cell N='BegTrigger' V='1' F='_XFTRIGGER(EventXFMod)'/><Cell N='EndTrigger' V='1' F='_XFTRIGGER(EventXFMod)'/><Cell N='LockHeight' V='1'/><Cell N='LockVtxEdit' V='1'/><Cell N='TxtPinX' V='0.5' F='Controls.Row_1'/><Cell N='TxtPinY' V='0' F='Controls.Row_1.Y'/><Cell N='TxtWidth' V='0.5555555555555556' F='MAX(5*Char.Size,TEXTWIDTH(TheText))'/><Cell N='TxtHeight' V='0.2444444444444444' F='TEXTHEIGHT(TheText,TxtWidth)'/><Cell N='TxtLocPinX' V='0.2777777777777778' F='TxtWidth*0.5'/><Cell N='TxtLocPinY' V='0.1222222222222222' F='TxtHeight*0.5'/><Cell N='TxtAngle' V='-1.570796326794897' F='IF(BITXOR(FlipX,FlipY),1,-1)*Angle'/><Cell N='EventDblClick' V='0' F='OPENTEXTWIN()'/><Cell N='HelpTopic' V='Vis_STQM.chm!#50446'/><Cell N='Copyright' V='Copyright (c) 2012 Microsoft Corporation.  All rights reserved.'/><Cell N='LayerMember' V='0'/><Cell N='ShapeSplittable' V='1'/><Cell N='QuickStyleType' V='3'/><Section N='Control'><Row N='Row_1'><Cell N='X' V='0.5' F='Width*0.5'/><Cell N='Y' V='0'/><Cell N='XDyn' V='0.5' F='Width/2'/><Cell N='YDyn' V='0' F='Height/2'/><Cell N='XCon' V='0'/><Cell N='YCon' V='0'/><Cell N='CanGlue' V='0'/><Cell N='Prompt' V='Adjust Curve Position'/></Row></Section><Section N='Connection'><Row IX='0'><Cell N='X' V='0.5' F='Width*0.5'/><Cell N='Y' V='0'/><Cell N='DirX' V='0' F='No Formula'/><Cell N='DirY' V='0' F='No Formula'/><Cell N='Type' V='0' F='No Formula'/><Cell N='AutoGen' V='0' F='No Formula'/><Cell N='Prompt' V='' F='No Formula'/></Row></Section><Section N='User'><Row N='visVersion'><Cell N='Value' V='15'/><Cell N='Prompt' V='' F='No Formula'/></Row></Section><Section N='Geometry' IX='0'><Cell N='NoFill' V='1'/><Cell N='NoLine' V='0'/><Cell N='NoShow' V='0'/><Cell N='NoSnap' V='0' F='No Formula'/><Cell N='NoQuickDrag' V='0' F='No Formula'/><Row T='MoveTo' IX='1'><Cell N='X' V='0' F='Width*0'/><Cell N='Y' V='0' F='Height/2'/></Row><Row T='EllipticalArcTo' IX='2'><Cell N='X' V='1' F='Width*1'/><Cell N='Y' V='0' F='Height/2'/><Cell N='A' V='0.5' U='DL' F='Controls.Row_1'/><Cell N='B' V='0' U='DL' F='Controls.Row_1.Y'/><Cell N='C' V='0' U='DA'/><Cell N='D' V='1'/></Row></Section></Shape></Shapes></MasterContents>