<?xml version='1.0' encoding='utf-8' ?>
<MasterContents xmlns='http://schemas.microsoft.com/office/visio/2012/main' xmlns:r='http://schemas.openxmlformats.org/officeDocument/2006/relationships' xml:space='preserve'><Shapes><Shape ID='5' Type='Group' LineStyle='3' FillStyle='3' TextStyle='3'><Cell N='PinX' V='2'/><Cell N='PinY' V='2.125'/><Cell N='Width' V='1'/><Cell N='Height' V='0.3125' F='GUARD(MAX(CEILING(TxtHeight,0.0625IN*DropOnPageScale),SETATREFEXPR(0.3125IN*DropOnPageScale)))'/><Cell N='LocPinX' V='0.5' F='Width*0.5'/><Cell N='LocPinY' V='0.15625' F='Height*0.5'/><Cell N='Angle' V='0'/><Cell N='FlipX' V='0'/><Cell N='FlipY' V='0'/><Cell N='ResizeMode' V='0'/><Cell N='TxtPinX' V='0.5' F='Width*0.5'/><Cell N='TxtPinY' V='0.15625' F='Height*0.5'/><Cell N='TxtWidth' V='1' F='Width*1'/><Cell N='TxtHeight' V='0.3111111111111111' F='TEXTHEIGHT(TheText,TxtWidth)'/><Cell N='TxtLocPinX' V='0.5' F='TxtWidth*0.5'/><Cell N='TxtLocPinY' V='0.1555555555555556' F='TxtHeight*0.5'/><Cell N='TxtAngle' V='0'/><Cell N='SelectMode' V='0'/><Cell N='DisplayMode' V='1'/><Cell N='DisplayLevel' V='25000'/><Cell N='NoProofing' V='1'/><Cell N='EventDblClick' V='0' F='DEFAULTEVENT()'/><Cell N='QuickStyleLineColor' V='102'/><Cell N='QuickStyleFillColor' V='102'/><Cell N='QuickStyleShadowColor' V='102'/><Cell N='QuickStyleFontColor' V='102'/><Cell N='QuickStyleLineMatrix' V='102'/><Cell N='QuickStyleFillMatrix' V='102'/><Cell N='QuickStyleEffectsMatrix' V='102'/><Cell N='QuickStyleFontMatrix' V='102'/><Cell N='QuickStyleVariation' V='4'/><Cell N='HelpTopic' V='Vis_D112.chm!#54424'/><Cell N='Copyright' V='Copyright (c) 2012 Microsoft Corporation.  All rights reserved.'/><Section N='User'><Row N='visVersion'><Cell N='Value' V='15'/><Cell N='Prompt' V=''/></Row><Row N='msvStructureType'><Cell N='Value' V='Callout' U='STR'/><Cell N='Prompt' V=''/></Row><Row N='msvSDTargetIntersection'><Cell N='Value' V='0' F='No Formula'/><Cell N='Prompt' V=''/></Row><Row N='msvSDCalloutNoHighlight'><Cell N='Value' V='0' U='BOOL'/><Cell N='Prompt' V=''/></Row><Row N='msvShapeCategories'><Cell N='Value' V='0'/><Cell N='Prompt' V=''/></Row><Row N='Side'><Cell N='Value' V='4' F='RECTSECT(MAX(Width,Height),MAX(Width,Height),PNTX(User.LeaderEnd)-Width*0.5,PNTY(User.LeaderEnd)-Height*0.5,0)'/><Cell N='Prompt' V=''/></Row><Row N='LeaderEnd'><Cell N='Value' V='PNT(0.25,-0.25)' U='PNT' F='IF(FORMULAEXISTS(User.msvSDTargetIntersection),User.msvSDTargetIntersection,PNT(Controls.Association,Controls.Association.Y))'/><Cell N='Prompt' V=''/></Row><Row N='WHBoxIntersection'><Cell N='Value' V='PNT(0.40384615384615,0)' U='PNT' F='IF(User.Side=1,PNT(Width,IF(PNTY(User.LeaderEnd)&lt;0,Height*0,IF(PNTY(User.LeaderEnd)&gt;Height,Height,IF(AND(PNTX(User.LeaderEnd)&lt;0,PNTY(User.LeaderEnd)&lt;Height*0.5),Height*0,IF(AND(PNTX(User.LeaderEnd)&lt;0,PNTY(User.LeaderEnd)&gt;=Height*0.5),Height,Height*0.5+Width*0.5*(PNTY(User.LeaderEnd)-Height*0.5)/(PNTX(User.LeaderEnd)-Width*0.5)))))),IF(User.Side=2,PNT(IF(PNTX(User.LeaderEnd)&lt;0,Width*0,IF(PNTX(User.LeaderEnd)&gt;Width,Width,IF(AND(PNTY(User.LeaderEnd)&lt;0,PNTX(User.LeaderEnd)&lt;Width*0.5),Width*0,IF(AND(PNTY(User.LeaderEnd)&lt;0,PNTX(User.LeaderEnd)&gt;=Width*0.5),Width,Width*0.5+Height*0.5*(PNTX(User.LeaderEnd)-Width*0.5)/(PNTY(User.LeaderEnd)-Height*0.5))))),Height),IF(User.Side=3,PNT(Width*0,IF(PNTY(User.LeaderEnd)&lt;0,Height*0,IF(PNTY(User.LeaderEnd)&gt;Height,Height,IF(AND(PNTX(User.LeaderEnd)&gt;Width,PNTY(User.LeaderEnd)&lt;Height*0.5),Height*0,IF(AND(PNTX(User.LeaderEnd)&gt;Width,PNTY(User.LeaderEnd)&gt;=Height*0.5),Height,Height*0.5-Width*0.5*(PNTY(User.LeaderEnd)-Height*0.5)/(PNTX(User.LeaderEnd)-Width*0.5)))))),PNT(IF(PNTX(User.LeaderEnd)&lt;0,Width*0,IF(PNTX(User.LeaderEnd)&gt;Width,Width,IF(AND(PNTY(User.LeaderEnd)&gt;Height,PNTX(User.LeaderEnd)&lt;Width*0.5),Width*0,IF(AND(PNTY(User.LeaderEnd)&gt;Height,PNTX(User.LeaderEnd)&gt;=Width*0.5),Width,Width*0.5-Height*0.5*(PNTX(User.LeaderEnd)-Width*0.5)/(PNTY(User.LeaderEnd)-Height*0.5))))),Height*0))))'/><Cell N='Prompt' V=''/></Row><Row N='FoldSize'><Cell N='Value' V='0.125' U='IN' F='0.125IN*DropOnPageScale'/><Cell N='Prompt' V=''/></Row></Section><Section N='Control'><Row N='Association'><Cell N='X' V='0.25' F='Width*0.25'/><Cell N='Y' V='-0.25' F='-Height*0.8'/><Cell N='XDyn' V='0' F='Width*0'/><Cell N='YDyn' V='0' F='Height*0'/><Cell N='XCon' V='0'/><Cell N='YCon' V='0'/><Cell N='CanGlue' V='0'/><Cell N='Prompt' V='Create Association'/></Row></Section><Section N='Paragraph'><Row IX='0'><Cell N='HorzAlign' V='1' F='IF(User.Side=3,0,IF(User.Side=1,2,1))'/></Row></Section><Section N='Geometry' IX='0'><Cell N='NoFill' V='1'/><Cell N='NoLine' V='0'/><Cell N='NoShow' V='0'/><Cell N='NoSnap' V='0'/><Cell N='NoQuickDrag' V='0'/><Row T='MoveTo' IX='1'><Cell N='X' V='0.4038461538461539' F='POINTALONGPATH(Geometry2.Path,NEARESTPOINTONPATH(Geometry2.Path,PNTX(User.WHBoxIntersection),PNTY(User.WHBoxIntersection)))'/><Cell N='Y' V='0' F='POINTALONGPATH(Geometry2.Path,NEARESTPOINTONPATH(Geometry2.Path,PNTX(User.WHBoxIntersection),PNTY(User.WHBoxIntersection)))'/></Row><Row T='LineTo' IX='2'><Cell N='X' V='0.25' F='User.LeaderEnd'/><Cell N='Y' V='-0.25' F='User.LeaderEnd'/></Row></Section><Section N='Geometry' IX='1'><Cell N='NoFill' V='0'/><Cell N='NoLine' V='0'/><Cell N='NoShow' V='0'/><Cell N='NoSnap' V='0'/><Cell N='NoQuickDrag' V='0'/><Row T='RelMoveTo' IX='1'><Cell N='X' V='0'/><Cell N='Y' V='0'/></Row><Row T='RelLineTo' IX='2'><Cell N='X' V='1'/><Cell N='Y' V='0'/></Row><Row T='LineTo' IX='3'><Cell N='X' V='1' F='Width*1'/><Cell N='Y' V='0.1875' U='IN' F='Height-User.FoldSize'/></Row><Row T='LineTo' IX='4'><Cell N='X' V='0.875' U='IN' F='Width-User.FoldSize'/><Cell N='Y' V='0.3125' F='Height*1'/></Row><Row T='RelLineTo' IX='5'><Cell N='X' V='0'/><Cell N='Y' V='1'/></Row><Row T='RelLineTo' IX='6'><Cell N='X' V='0'/><Cell N='Y' V='0'/></Row></Section><Shapes><Shape ID='6' Type='Shape' LineStyle='3' FillStyle='3' TextStyle='3'><Cell N='PinX' V='1' F='GUARD(Sheet.5!Width*1)'/><Cell N='PinY' V='0.3125' F='GUARD(Sheet.5!Height*1)'/><Cell N='Width' V='0.125' U='IN' F='GUARD(User.FoldSize)'/><Cell N='Height' V='0.125' U='IN' F='GUARD(User.FoldSize)'/><Cell N='LocPinX' V='0.125' U='IN' F='Width*1'/><Cell N='LocPinY' V='0.125' U='IN' F='Height*1'/><Cell N='Angle' V='0'/><Cell N='FlipX' V='0'/><Cell N='FlipY' V='0'/><Cell N='ResizeMode' V='0'/><Cell N='LineCap' V='0' F='GUARD(0)'/><Cell N='FillForegnd' V='#ffffff' F='GUARD(RGB(255,255,255))'/><Cell N='FillGradientEnabled' V='0' F='GUARD(FALSE)'/><Cell N='QuickStyleLineColor' V='102'/><Cell N='QuickStyleFillColor' V='102'/><Cell N='QuickStyleShadowColor' V='102'/><Cell N='QuickStyleFontColor' V='102'/><Cell N='QuickStyleLineMatrix' V='102'/><Cell N='QuickStyleFillMatrix' V='102'/><Cell N='QuickStyleEffectsMatrix' V='102'/><Cell N='QuickStyleFontMatrix' V='102'/><Cell N='Copyright' V='Copyright (c) 2012 Microsoft Corporation.  All rights reserved.'/><Section N='User'><Row N='FoldSize'><Cell N='Value' V='0.125' U='IN' F='Sheet.5!User.FoldSize'/><Cell N='Prompt' V=''/></Row></Section><Section N='Geometry' IX='0'><Cell N='NoFill' V='0'/><Cell N='NoLine' V='0'/><Cell N='NoShow' V='0'/><Cell N='NoSnap' V='0'/><Cell N='NoQuickDrag' V='0'/><Row T='MoveTo' IX='1'><Cell N='X' V='0' U='IN' F='Width*0'/><Cell N='Y' V='0' U='IN' F='Height*0'/></Row><Row T='LineTo' IX='2'><Cell N='X' V='0.125' U='IN' F='Width*1'/><Cell N='Y' V='0' U='IN' F='Height*0'/></Row><Row T='LineTo' IX='3'><Cell N='X' V='0.125' U='IN' F='Width*1'/><Cell N='Y' V='-0.0125' U='IN' F='-Height*0.1'/></Row><Row T='LineTo' IX='4'><Cell N='X' V='0.125' U='IN' F='Width*1'/><Cell N='Y' V='0' U='IN' F='Height*0'/></Row><Row T='LineTo' IX='5'><Cell N='X' V='0' U='IN' F='Width*0'/><Cell N='Y' V='0.125' U='IN' F='Height*1'/></Row><Row T='LineTo' IX='6'><Cell N='X' V='-0.0125' U='IN' F='-Width*0.1'/><Cell N='Y' V='0.125' U='IN' F='Height*1'/></Row><Row T='LineTo' IX='7'><Cell N='X' V='0' U='IN' F='Width*0'/><Cell N='Y' V='0.125' U='IN' F='Height*1'/></Row><Row T='LineTo' IX='8'><Cell N='X' V='0' U='IN' F='Geometry1.X1'/><Cell N='Y' V='0' U='IN' F='Geometry1.Y1'/></Row></Section></Shape></Shapes></Shape></Shapes></MasterContents>