<?xml version='1.0' encoding='utf-8' ?>
<MasterContents xmlns='http://schemas.microsoft.com/office/visio/2012/main' xmlns:r='http://schemas.openxmlformats.org/officeDocument/2006/relationships' xml:space='preserve'><Shapes><Shape ID='5' Type='Group' LineStyle='7' FillStyle='7' TextStyle='7'><Cell N='PinX' V='2.051787065975881' F='GUARD((BeginX+EndX)/2)'/><Cell N='PinY' V='2.030236696213186' F='GUARD((BeginY+EndY)/2)'/><Cell N='Width' V='1' F='GUARD(EndX-BeginX)'/><Cell N='Height' V='-1' F='GUARD(EndY-BeginY)'/><Cell N='LocPinX' V='0.5' F='GUARD(Width*0.5)'/><Cell N='LocPinY' V='-0.5' F='GUARD(Height*0.5)'/><Cell N='Angle' V='0' F='GUARD(0DA)'/><Cell N='FlipX' V='0' F='GUARD(FALSE)'/><Cell N='FlipY' V='0' F='GUARD(FALSE)'/><Cell N='ResizeMode' V='0'/><Cell N='BeginX' V='1.551787065975881'/><Cell N='BeginY' V='2.530236696213186'/><Cell N='EndX' V='2.551787065975881'/><Cell N='EndY' V='1.530236696213186'/><Cell N='LayerMember' V='0'/><Cell N='EventDblClick' V='0' F='OPENTEXTWIN()'/><Cell N='TxtPinX' V='0' F='SETATREF(Controls.TextPosition)'/><Cell N='TxtPinY' V='-1' F='SETATREF(Controls.TextPosition.Y)'/><Cell N='TxtWidth' V='0.5555555555555556' F='MAX(TEXTWIDTH(TheText),5*Char.Size)'/><Cell N='TxtHeight' V='0.2444444444444444' F='TEXTHEIGHT(TheText,TxtWidth)'/><Cell N='TxtLocPinX' V='0.2777777777777778' F='TxtWidth*0.5'/><Cell N='TxtLocPinY' V='0.1222222222222222' F='TxtHeight*0.5'/><Cell N='TxtAngle' V='0'/><Cell N='LockHeight' V='1'/><Cell N='LockCalcWH' V='1'/><Cell N='HelpTopic' V='Vis_PRXY.chm!#60855'/><Cell N='Copyright' V='Copyright (c) 2012 Microsoft Corporation.  All rights reserved.'/><Cell N='NoAlignBox' V='1'/><Cell N='DynFeedback' V='2'/><Cell N='GlueType' V='2'/><Cell N='BegTrigger' V='1' F='_XFTRIGGER(EventXFMod)'/><Cell N='EndTrigger' V='1' F='_XFTRIGGER(EventXFMod)'/><Cell N='ObjType' V='2'/><Cell N='NoLiveDynamics' V='1'/><Cell N='NoProofing' V='1'/><Cell N='ShapeSplittable' V='1'/><Cell N='LinePattern' V='2' F='GUARD(2)'/><Cell N='BeginArrow' V='0' F='GUARD(0)'/><Cell N='EndArrow' V='12' F='GUARD(12)'/><Cell N='QuickStyleVariation' V='2'/><Section N='Control'><Row N='TextPosition'><Cell N='X' V='0'/><Cell N='Y' V='-1'/><Cell N='XDyn' V='0' F='Controls.TextPosition'/><Cell N='YDyn' V='-1' F='Controls.TextPosition.Y'/><Cell N='XCon' V='5' F='IF(OR(STRSAME(SHAPETEXT(TheText),""),HideText),5,0)'/><Cell N='YCon' V='0'/><Cell N='CanGlue' V='0'/><Cell N='Prompt' V='Reposition Text'/></Row></Section><Section N='User'><Row N='visVersion'><Cell N='Value' V='15'/><Cell N='Prompt' V=''/></Row><Row N='RelationshipName'><Cell N='Value' V='' U='STR' F='SHAPETEXT(TheText)'/><Cell N='Prompt' V=''/></Row><Row N='ShowMulti'><Cell N='Value' V='0'/><Cell N='Prompt' V=''/></Row><Row N='Identifying'><Cell N='Value' V='1'/><Cell N='Prompt' V=''/></Row><Row N='DXBegin'><Cell N='Value' V='0' U='DL' F='(PinX-LocPinX+Connections.X1)-BeginX'/><Cell N='Prompt' V=''/></Row><Row N='DYBegin'><Cell N='Value' V='-0.02999999999999981' U='DL' F='(PinY-LocPinY+Connections.Y1)-BeginY'/><Cell N='Prompt' V=''/></Row><Row N='DXEnd'><Cell N='Value' V='0.02999999999999981' U='DL' F='EndX-(PinX-LocPinX+Connections.X2)'/><Cell N='Prompt' V=''/></Row><Row N='DYEnd'><Cell N='Value' V='0' U='DL' F='EndY-(PinY-LocPinY+Connections.Y2)'/><Cell N='Prompt' V=''/></Row><Row N='BeginAngle'><Cell N='Value' V='-1.570796326794897' U='DA' F='ATAN2(User.DYBegin,User.DXBegin)'/><Cell N='Prompt' V=''/></Row><Row N='EndAngle'><Cell N='Value' V='0' U='DA' F='ATAN2(User.DYEnd,User.DXEnd)'/><Cell N='Prompt' V=''/></Row></Section><Section N='Actions'><Row N='Row_1'><Cell N='Menu' V='Show Multiplicity'/><Cell N='Action' V='0' F='SETF(GetRef(User.ShowMulti),NOT(User.ShowMulti))'/><Cell N='Checked' V='0' F='User.ShowMulti'/><Cell N='Disabled' V='0'/><Cell N='ReadOnly' V='0'/><Cell N='Invisible' V='0'/><Cell N='BeginGroup' V='0'/><Cell N='FlyoutChild' V='0'/><Cell N='TagName' V=''/><Cell N='ButtonFace' V=''/><Cell N='SortKey' V=''/></Row><Row N='Row_2'><Cell N='Menu' V='Set Connector Type'/><Cell N='Action' V='0' F='""'/><Cell N='Checked' V='0'/><Cell N='Disabled' V='0'/><Cell N='ReadOnly' V='0'/><Cell N='Invisible' V='0'/><Cell N='BeginGroup' V='0'/><Cell N='FlyoutChild' V='0'/><Cell N='TagName' V=''/><Cell N='ButtonFace' V=''/><Cell N='SortKey' V=''/></Row><Row N='Row_3'><Cell N='Menu' V='Aggregation'/><Cell N='Action' V='0' F='SETF(GetRef(BeginArrow),"GUARD(22)")+SETF(GetRef(EndArrow),"GUARD(0)")+SETF(GetRef(LinePattern),"THEMEVAL()")'/><Cell N='Checked' V='0' F='BeginArrow=22'/><Cell N='Disabled' V='0'/><Cell N='ReadOnly' V='0'/><Cell N='Invisible' V='0'/><Cell N='BeginGroup' V='1'/><Cell N='FlyoutChild' V='1'/><Cell N='TagName' V=''/><Cell N='ButtonFace' V=''/><Cell N='SortKey' V=''/></Row><Row N='Row_4'><Cell N='Menu' V='Association'/><Cell N='Action' V='0' F='SETF(GetRef(BeginArrow),"GUARD(0)")+SETF(GetRef(EndArrow),"GUARD(0)")+SETF(GetRef(LinePattern),"THEMEVAL()")'/><Cell N='Checked' V='0' F='AND(BeginArrow=0,EndArrow=0,LinePattern=1)'/><Cell N='Disabled' V='0'/><Cell N='ReadOnly' V='0'/><Cell N='Invisible' V='0'/><Cell N='BeginGroup' V='0'/><Cell N='FlyoutChild' V='1'/><Cell N='TagName' V=''/><Cell N='ButtonFace' V=''/><Cell N='SortKey' V=''/></Row><Row N='Row_5'><Cell N='Menu' V='Composition'/><Cell N='Action' V='0' F='SETF(GetRef(BeginArrow),"USE(""Composite"")")+SETF(GetRef(EndArrow),"GUARD(0)")+SETF(GetRef(LinePattern),"THEMEVAL()")'/><Cell N='Checked' V='0' F='BeginArrow=254'/><Cell N='Disabled' V='0'/><Cell N='ReadOnly' V='0'/><Cell N='Invisible' V='0'/><Cell N='BeginGroup' V='0'/><Cell N='FlyoutChild' V='1'/><Cell N='TagName' V=''/><Cell N='ButtonFace' V=''/><Cell N='SortKey' V=''/></Row><Row N='Row_6'><Cell N='Menu' V='Dependency'/><Cell N='Action' V='0' F='SETF(GetRef(BeginArrow),"GUARD(0)")+SETF(GetRef(EndArrow),"GUARD(12)")+SETF(GetRef(LinePattern),"GUARD(2)")'/><Cell N='Checked' V='1' F='AND(EndArrow=12,LinePattern=2)'/><Cell N='Disabled' V='0'/><Cell N='ReadOnly' V='0'/><Cell N='Invisible' V='0'/><Cell N='BeginGroup' V='0'/><Cell N='FlyoutChild' V='1'/><Cell N='TagName' V=''/><Cell N='ButtonFace' V=''/><Cell N='SortKey' V=''/></Row><Row N='Row_7'><Cell N='Menu' V='Directed Association'/><Cell N='Action' V='0' F='SETF(GetRef(BeginArrow),"GUARD(0)")+SETF(GetRef(EndArrow),"GUARD(12)")+SETF(GetRef(LinePattern),"THEMEVAL()")'/><Cell N='Checked' V='0' F='AND(EndArrow=12,LinePattern=1)'/><Cell N='Disabled' V='0'/><Cell N='ReadOnly' V='0'/><Cell N='Invisible' V='0'/><Cell N='BeginGroup' V='0'/><Cell N='FlyoutChild' V='1'/><Cell N='TagName' V=''/><Cell N='ButtonFace' V=''/><Cell N='SortKey' V=''/></Row><Row N='Row_8'><Cell N='Menu' V='Inheritance'/><Cell N='Action' V='0' F='SETF(GetRef(BeginArrow),"GUARD(0)")+SETF(GetRef(EndArrow),"GUARD(14)")+SETF(GetRef(LinePattern),"THEMEVAL()")'/><Cell N='Checked' V='0' F='AND(EndArrow=14,LinePattern=1)'/><Cell N='Disabled' V='0'/><Cell N='ReadOnly' V='0'/><Cell N='Invisible' V='0'/><Cell N='BeginGroup' V='0'/><Cell N='FlyoutChild' V='1'/><Cell N='TagName' V=''/><Cell N='ButtonFace' V=''/><Cell N='SortKey' V=''/></Row><Row N='Row_9'><Cell N='Menu' V='Realization'/><Cell N='Action' V='0' F='SETF(GetRef(BeginArrow),"GUARD(0)")+SETF(GetRef(EndArrow),"GUARD(14)")+SETF(GetRef(LinePattern),"GUARD(2)")'/><Cell N='Checked' V='0' F='AND(EndArrow=14,LinePattern=2)'/><Cell N='Disabled' V='0'/><Cell N='ReadOnly' V='0'/><Cell N='Invisible' V='0'/><Cell N='BeginGroup' V='0'/><Cell N='FlyoutChild' V='1'/><Cell N='TagName' V=''/><Cell N='ButtonFace' V=''/><Cell N='SortKey' V=''/></Row></Section><Section N='Connection'><Row IX='0'><Cell N='X' V='0'/><Cell N='Y' V='-0.02999999999999981'/><Cell N='DirX' V='0'/><Cell N='DirY' V='0'/><Cell N='Type' V='0'/><Cell N='AutoGen' V='0'/><Cell N='Prompt' V='' F='No Formula'/></Row><Row IX='1'><Cell N='X' V='0.97'/><Cell N='Y' V='-1'/><Cell N='DirX' V='0'/><Cell N='DirY' V='0'/><Cell N='Type' V='0'/><Cell N='AutoGen' V='0'/><Cell N='Prompt' V='' F='No Formula'/></Row></Section><Section N='Geometry' IX='0'><Cell N='NoFill' V='1'/><Cell N='NoLine' V='0'/><Cell N='NoShow' V='0'/><Cell N='NoSnap' V='0'/><Cell N='NoQuickDrag' V='0'/><Row T='MoveTo' IX='1'><Cell N='X' V='0'/><Cell N='Y' V='0'/></Row><Row T='LineTo' IX='2'><Cell N='X' V='0'/><Cell N='Y' V='-1'/></Row><Row T='LineTo' IX='3'><Cell N='X' V='1'/><Cell N='Y' V='-1'/></Row></Section><Shapes><Shape ID='6' Type='Shape' LineStyle='7' FillStyle='7' TextStyle='7'><Cell N='PinX' V='0.07071067811865488' U='IN' F='User.Con1X+COS(User.BeginAngle+45DEG)*0.1IN'/><Cell N='PinY' V='-0.1007106781186546' U='IN' F='User.Con1Y+SIN(User.BeginAngle+45DEG)*0.1IN'/><Cell N='Width' V='0.1764835642324219' F='GUARD(TEXTWIDTH(TheText))'/><Cell N='Height' V='0.1333828247070313' F='GUARD(TEXTHEIGHT(TheText,Width))'/><Cell N='LocPinX' V='0' F='Width*IF(PinX&lt;User.Con1X,1,0)'/><Cell N='LocPinY' V='0.1333828247070313' F='Height*IF(PinY&lt;User.Con1Y,1,0)'/><Cell N='Angle' V='0'/><Cell N='FlipX' V='0'/><Cell N='FlipY' V='0'/><Cell N='ResizeMode' V='0'/><Cell N='EventDblClick' V='0' F='OPENTEXTWIN()'/><Cell N='LeftMargin' V='0'/><Cell N='RightMargin' V='0'/><Cell N='TopMargin' V='0'/><Cell N='BottomMargin' V='0'/><Cell N='HideText' V='1' F='NOT(Sheet.5!User.ShowMulti)'/><Cell N='NoProofing' V='1'/><Cell N='QuickStyleVariation' V='2'/><Cell N='Copyright' V='Copyright (c) 2012 Microsoft Corporation.  All rights reserved.'/><Section N='User'><Row N='BeginAngle'><Cell N='Value' V='-1.570796326794897' U='DA' F='Sheet.5!User.BeginAngle'/><Cell N='Prompt' V=''/></Row><Row N='Con1X'><Cell N='Value' V='0' U='DL' F='Sheet.5!Connections.X1'/><Cell N='Prompt' V=''/></Row><Row N='Con1Y'><Cell N='Value' V='-0.03' U='DL' F='Sheet.5!Connections.Y1'/><Cell N='Prompt' V=''/></Row></Section><Section N='Character'><Row IX='0'><Cell N='Size' V='0.1111111111111111' U='PT'/></Row></Section><Text><cp IX='0'/>M1
</Text></Shape><Shape ID='7' Type='Shape' LineStyle='7' FillStyle='7' TextStyle='7'><Cell N='PinX' V='-0.07071067811865488' U='IN' F='User.Con1X+COS(User.BeginAngle-45DEG)*0.1IN'/><Cell N='PinY' V='-0.1007106781186546' U='IN' F='User.Con1Y+SIN(User.BeginAngle-45DEG)*0.1IN'/><Cell N='Width' V='0.1764835642324219' F='GUARD(TEXTWIDTH(TheText))'/><Cell N='Height' V='0.1333828247070313' F='GUARD(TEXTHEIGHT(TheText,Width))'/><Cell N='LocPinX' V='0.1764835642324219' F='Width*IF(PinX&lt;User.Con1X,1,0)'/><Cell N='LocPinY' V='0.1333828247070313' F='Height*IF(PinY&lt;User.Con1Y,1,0)'/><Cell N='Angle' V='0'/><Cell N='FlipX' V='0'/><Cell N='FlipY' V='0'/><Cell N='ResizeMode' V='0'/><Cell N='EventDblClick' V='0' F='OPENTEXTWIN()'/><Cell N='LeftMargin' V='0'/><Cell N='RightMargin' V='0'/><Cell N='TopMargin' V='0'/><Cell N='BottomMargin' V='0'/><Cell N='HideText' V='1' F='NOT(Sheet.5!User.ShowMulti)'/><Cell N='NoProofing' V='1'/><Cell N='QuickStyleVariation' V='2'/><Cell N='Copyright' V='Copyright (c) 2012 Microsoft Corporation.  All rights reserved.'/><Section N='User'><Row N='BeginAngle'><Cell N='Value' V='-1.570796326794897' U='DA' F='Sheet.5!User.BeginAngle'/><Cell N='Prompt' V=''/></Row><Row N='Con1X'><Cell N='Value' V='0' U='DL' F='Sheet.5!Connections.X1'/><Cell N='Prompt' V=''/></Row><Row N='Con1Y'><Cell N='Value' V='-0.03' U='DL' F='Sheet.5!Connections.Y1'/><Cell N='Prompt' V=''/></Row></Section><Section N='Character'><Row IX='0'><Cell N='Size' V='0.1111111111111111' U='PT'/></Row></Section><Text><cp IX='0'/>M2
</Text></Shape><Shape ID='8' Type='Shape' LineStyle='7' FillStyle='7' TextStyle='7'><Cell N='PinX' V='0.8992893218813448' U='IN' F='User.Con2X+COS(User.EndAngle+135DEG)*0.1IN'/><Cell N='PinY' V='-0.9292893218813456' U='IN' F='User.Con2Y+SIN(User.EndAngle+135DEG)*0.1IN'/><Cell N='Width' V='0.1764835642324219' F='GUARD(TEXTWIDTH(TheText))'/><Cell N='Height' V='0.1333828247070313' F='GUARD(TEXTHEIGHT(TheText,Width))'/><Cell N='LocPinX' V='0.1764835642324219' F='Width*IF(PinX&lt;User.Con2X,1,0)'/><Cell N='LocPinY' V='0' F='Height*IF(PinY&lt;User.Con2Y,1,0)'/><Cell N='Angle' V='0'/><Cell N='FlipX' V='0'/><Cell N='FlipY' V='0'/><Cell N='ResizeMode' V='0'/><Cell N='EventDblClick' V='0' F='OPENTEXTWIN()'/><Cell N='LeftMargin' V='0'/><Cell N='RightMargin' V='0'/><Cell N='TopMargin' V='0'/><Cell N='BottomMargin' V='0'/><Cell N='HideText' V='1' F='NOT(Sheet.5!User.ShowMulti)'/><Cell N='NoProofing' V='1'/><Cell N='QuickStyleVariation' V='2'/><Cell N='Copyright' V='Copyright (c) 2012 Microsoft Corporation.  All rights reserved.'/><Section N='User'><Row N='EndAngle'><Cell N='Value' V='0' U='DA' F='Sheet.5!User.EndAngle'/><Cell N='Prompt' V=''/></Row><Row N='Con2X'><Cell N='Value' V='0.97' U='DL' F='Sheet.5!Connections.X2'/><Cell N='Prompt' V=''/></Row><Row N='Con2Y'><Cell N='Value' V='-1' U='DL' F='Sheet.5!Connections.Y2'/><Cell N='Prompt' V=''/></Row></Section><Section N='Character'><Row IX='0'><Cell N='Size' V='0.1111111111111111' U='PT'/></Row></Section><Text><cp IX='0'/>M3
</Text></Shape><Shape ID='9' Type='Shape' LineStyle='7' FillStyle='7' TextStyle='7'><Cell N='PinX' V='0.8992893218813448' U='IN' F='User.Con2X+COS(User.EndAngle-135DEG)*0.1IN'/><Cell N='PinY' V='-1.070710678118654' U='IN' F='User.Con2Y+SIN(User.EndAngle-135DEG)*0.1IN'/><Cell N='Width' V='0.1764835642324219' F='GUARD(TEXTWIDTH(TheText))'/><Cell N='Height' V='0.1333828247070313' F='GUARD(TEXTHEIGHT(TheText,Width))'/><Cell N='LocPinX' V='0.1764835642324219' F='Width*IF(PinX&lt;User.Con2X,1,0)'/><Cell N='LocPinY' V='0.1333828247070313' F='Height*IF(PinY&lt;User.Con2Y,1,0)'/><Cell N='Angle' V='0'/><Cell N='FlipX' V='0'/><Cell N='FlipY' V='0'/><Cell N='ResizeMode' V='0'/><Cell N='EventDblClick' V='0' F='OPENTEXTWIN()'/><Cell N='LeftMargin' V='0'/><Cell N='RightMargin' V='0'/><Cell N='TopMargin' V='0'/><Cell N='BottomMargin' V='0'/><Cell N='HideText' V='1' F='NOT(Sheet.5!User.ShowMulti)'/><Cell N='NoProofing' V='1'/><Cell N='QuickStyleVariation' V='2'/><Cell N='Copyright' V='Copyright (c) 2012 Microsoft Corporation.  All rights reserved.'/><Section N='User'><Row N='EndAngle'><Cell N='Value' V='0' U='DA' F='Sheet.5!User.EndAngle'/><Cell N='Prompt' V=''/></Row><Row N='Con2X'><Cell N='Value' V='0.97' U='DL' F='Sheet.5!Connections.X2'/><Cell N='Prompt' V=''/></Row><Row N='Con2Y'><Cell N='Value' V='-1' U='DL' F='Sheet.5!Connections.Y2'/><Cell N='Prompt' V=''/></Row></Section><Section N='Character'><Row IX='0'><Cell N='Size' V='0.1111111111111111' U='PT'/></Row></Section><Text><cp IX='0'/>M4
</Text></Shape></Shapes></Shape></Shapes></MasterContents>