<?xml version='1.0' encoding='utf-8' ?>
<Pages xmlns='http://schemas.microsoft.com/office/visio/2012/main' xmlns:r='http://schemas.openxmlformats.org/officeDocument/2006/relationships' xml:space='preserve'><Page ID='0' NameU='Page-1' Name='Page-1' ViewScale='1.0416666666667' ViewCenterX='5.0400001922608' ViewCenterY='9.5950003660202'><PageSheet LineStyle='0' FillStyle='0' TextStyle='0'><Cell N='PageWidth' V='16.53543307086614' U='IN'/><Cell N='PageHeight' V='11.69291338582677' U='IN'/><Cell N='ShdwOffsetX' V='0.125' U='IN'/><Cell N='ShdwOffsetY' V='-0.125' U='IN'/><Cell N='PageScale' V='1' U='IN'/><Cell N='DrawingScale' V='1' U='IN_F'/><Cell N='DrawingSizeType' V='3'/><Cell N='DrawingScaleType' V='0'/><Trigger N='RecalcColor'><RefBy T='Page' ID='0'/></Trigger><Cell N='InhibitSnap' V='0'/><Cell N='PageLockReplace' V='0' U='BOOL'/><Cell N='PageLockDuplicate' V='0' U='BOOL'/><Cell N='UIVisibility' V='0'/><Cell N='ShdwType' V='0'/><Cell N='ShdwObliqueAngle' V='0'/><Cell N='ShdwScaleFactor' V='1'/><Cell N='DrawingResizeType' V='1'/><Cell N='AvenueSizeX' V='1' U='IN'/><Cell N='AvenueSizeY' V='1' U='IN'/><Cell N='PageShapeSplit' V='1'/><Cell N='PageLeftMargin' V='0.25' U='IN'/><Cell N='PageRightMargin' V='0.25' U='IN'/><Cell N='PageTopMargin' V='0.25' U='IN'/><Cell N='PageBottomMargin' V='0.25' U='IN'/><Cell N='PrintPageOrientation' V='2'/><Cell N='PaperKind' V='8'/><Section N='Layer'><Row IX='0'><Cell N='Name' V='Connector'/><Cell N='Color' V='255'/><Cell N='Status' V='0'/><Cell N='Visible' V='1'/><Cell N='Print' V='1'/><Cell N='Active' V='0'/><Cell N='Lock' V='0'/><Cell N='Snap' V='1'/><Cell N='Glue' V='1'/><Cell N='NameUniv' V='Connector'/><Cell N='ColorTrans' V='0'/></Row></Section></PageSheet><Rel r:id='rId1'/></Page></Pages>